{
  "spec/lib/appsignal/auth_check_spec.rb": 0.035919904708862305,
  "spec/lib/appsignal/cli/demo_spec.rb": 0.03071904182434082,
  "spec/lib/appsignal/cli/diagnose_spec.rb": 1.7394435405731201,
  "spec/lib/appsignal/cli/helpers_spec.rb": 0.011702537536621094,
  "spec/lib/appsignal/cli/install_spec.rb": 0.06369876861572266,
  "spec/lib/appsignal/cli/notify_of_deploy_spec.rb": 0.040337324142456055,
  "spec/lib/appsignal/cli_spec.rb": 0.012372970581054688,
  "spec/lib/appsignal/config_spec.rb": 0.07830333709716797,
  "spec/lib/appsignal/demo_spec.rb": 0.017071247100830078,
  "spec/lib/appsignal/event_formatter/active_record/instantiation_formatter_spec.rb": 0.0005834102630615234,
  "spec/lib/appsignal/event_formatter/active_record/sql_formatter_spec.rb": 0.0006568431854248047,
  "spec/lib/appsignal/event_formatter/elastic_search/search_formatter_spec.rb": 0.0024557113647460938,
  "spec/lib/appsignal/event_formatter/faraday/request_formatter_spec.rb": 0.0005261898040771484,
  "spec/lib/appsignal/event_formatter/mongo_ruby_driver/query_formatter_spec.rb": 0.002910614013671875,
  "spec/lib/appsignal/event_formatter/moped/query_formatter_spec.rb": 0.004149198532104492,
  "spec/lib/appsignal/event_formatter_spec.rb": 0.0047566890716552734,
  "spec/lib/appsignal/extension_spec.rb": 6.159418344497681,
  "spec/lib/appsignal/garbage_collection_profiler_spec.rb": 0.009527444839477539,
  "spec/lib/appsignal/hooks/action_cable_spec.rb": 0.0004150867462158203,
  "spec/lib/appsignal/hooks/active_support_notifications_spec.rb": 0.0007259845733642578,
  "spec/lib/appsignal/hooks/celluloid_spec.rb": 0.0014989376068115234,
  "spec/lib/appsignal/hooks/data_mapper_spec.rb": 0.002512216567993164,
  "spec/lib/appsignal/hooks/delayed_job_spec.rb": 0.03982210159301758,
  "spec/lib/appsignal/hooks/mongo_ruby_driver_spec.rb": 0.002109050750732422,
  "spec/lib/appsignal/hooks/net_http_spec.rb": 0.00870060920715332,
  "spec/lib/appsignal/hooks/passenger_spec.rb": 0.0015439987182617188,
  "spec/lib/appsignal/hooks/puma_spec.rb": 0.002183198928833008,
  "spec/lib/appsignal/hooks/rake_spec.rb": 6.1226277351379395,
  "spec/lib/appsignal/hooks/redis_spec.rb": 0.0019412040710449219,
  "spec/lib/appsignal/hooks/sequel_spec.rb": 0.0006847381591796875,
  "spec/lib/appsignal/hooks/shoryuken_spec.rb": 0.018727540969848633,
  "spec/lib/appsignal/hooks/sidekiq_spec.rb": 0.028157949447631836,
  "spec/lib/appsignal/hooks/unicorn_spec.rb": 0.0029706954956054688,
  "spec/lib/appsignal/hooks/webmachine_spec.rb": 0.0005159378051757812,
  "spec/lib/appsignal/hooks_spec.rb": 0.008509159088134766,
  "spec/lib/appsignal/integrations/data_mapper_spec.rb": 0.002076864242553711,
  "spec/lib/appsignal/integrations/mongo_ruby_driver_spec.rb": 0.008908271789550781,
  "spec/lib/appsignal/integrations/object_spec.rb": 0.03182053565979004,
  "spec/lib/appsignal/js_exception_transaction_spec.rb": 0.007627010345458984,
  "spec/lib/appsignal/marker_spec.rb": 0.01214909553527832,
  "spec/lib/appsignal/minutely_spec.rb": 0.5083601474761963,
  "spec/lib/appsignal/rack/generic_instrumentation_spec.rb": 0.010918855667114258,
  "spec/lib/appsignal/rack/js_exception_catcher_spec.rb": 0.02415943145751953,
  "spec/lib/appsignal/rack/streaming_listener_spec.rb": 0.01574110984802246,
  "spec/lib/appsignal/system_spec.rb": 0.0010962486267089844,
  "spec/lib/appsignal/transaction_spec.rb": 0.09022092819213867,
  "spec/lib/appsignal/transmitter_spec.rb": 0.04255342483520508,
  "spec/lib/appsignal/utils/params_sanitizer_spec.rb": 0.031229496002197266,
  "spec/lib/appsignal/utils/query_params_sanitizer_spec.rb": 0.014091253280639648,
  "spec/lib/appsignal/utils_spec.rb": 0.006097555160522461,
  "spec/lib/appsignal_spec.rb": 0.33019447326660156
}